Complexity,Loss,Equation
1,149.13887,"15.166785"
3,7.9545426,"x0 * 6.363635"
5,0.31818154,"x0 * (x0 + 2.2727454)"
7,0.0,"(x0 * (x0 + 2.0)) + 1.0"
