Complexity,Loss,Equation
1,8.0,"6.0000005"
3,1.3333333,"x0 * 2.6666677"
5,0.0,"x0 + (x0 - -2.0)"
