Complexity,Loss,Equation
1,32.249996,"7.4999766"
3,0.9999996,"x0 / 0.20000583"
5,0.35714263,"(x0 - -2.428573) * x0"
7,0.0,"((x0 - -2.0) * x0) + 1.0"
